mnemonic,item_code,item_name,confidentiality,item_type,description
CEXA,4252,AMOUNT OF NET LOCAL COUNTRY CLAIMS (INCLUDING DERIVATIVE PRODUCTS),N,F,Includes the total amount of net local country claims on local residents from the FFIEC 009 report; Local Country Claims (Column 18 of Schedule 1 (item 8593) and Column 6 of Schedule 2 (item A339)) less Local Country Liabilities (Column 19 of Schedule 1 (item 8594) and Column 7 of Schedule 2 (item A340)); if the difference is positive (does not include if the difference is negative). NOTE: Reported in Part A for the FFIEC 009a report.
CEXA,4253,AMOUNT OF CROSS-BORDER CLAIMS OUTSTANDING FROM DERIVATIVE PRODUCTS AFTER MANDATED ADJUSTMENTS FOR TRANSFER OF EXPOSURE,N,F,Includes the total amount of cross-border claims from derivative products from the FFIEC 009 report; Column 4 (item A337); Schedule 2. NOTE: Reported in Part A for the FFIEC 009a report.
CEXA,4254,ADJUSTED CROSS-BORDER AND FOREIGN OFFICE LOCAL COUNTRY CLAIMS,N,F,Includes the total of Column 1 (item 5215) plus Column 2 (item 4252) plus Column 3 (item 4253). NOTE: Reported in Part A for the FFIEC 009a report.
CEXA,5215,AMOUNT OF CROSS-BORDER CLAIMS OUTSTANDING AFTER MANDATED ADJUSTMENTS FOR TRANSFER OF EXPOSURE (EXCLUDING DERIVATIVE PRODUCTS),N,F,For each country reported in the FFIEC 009(a) report; includes the sum of the following items from Schedule 1 of the FFIEC 009 report: column 4 (item 8580) less columns 8; 9; 10 (items 8586; 8587; and 8588); plus columns 11; 12; 13 (items 8590; 8591; and 8592). NOTE: Reported in Part A for the FFIEC 009a report. COMPARABILITY: Prior to 3/31/97; includes the sum of the following items from the FFIEC 009 report: column 4 less column 10; column 11; column 12; (plus column 14; column 15; column 16; 
CEXA,5216,AMOUNT OF NET LOCAL CURRENCY CLAIMS INCLUDED IN ITEM 5215,N,F,Includes the total amount of net local currency claims on local residents included in 'Claims Outstanding After Mandated Adjustments For Transfer Of Exposure (5215)' (i.e.; column 17 minus column 18 of the FFIEC 009 report; only if positive). NOTE: Reported in Part A for the FFIEC 009a report.
CEXA,5217,TOTAL OF CLAIMS OUTSTANDING AFTER MANDATED ADJUSTMENTS FOR TRANSFER OF EXPOSURE (5215) MINUS AMOUNT OF NET LOCAL CURRENCY CLAIMS INCLUDED IN ITEM 5215 (5216),N,F,Includes the total of 'Claims Outstanding After Mandated Adjustments For Transfer Of Exposure (5215)' minus 'Amount Of Net Local Currency Claims Included In Item 5215 (5216)'. NOTE: Reported in Part A for the FFIEC 009a report.
CEXA,5218,DISTRIBUTION OF AMOUNT IN ITEM 5215 BY BANKS,N,F,Includes the distributed amount in item 5215 by banks. The term 'bank' covers the following institutions in foreign countries: commercial banks; savings banks; discount houses; and other similar institutions accepting short term deposits. It includes banking institutions owned by foreign governments unless such institutions function as central banks or banks of issue. (The latter are shown as 'public' borrowers.) Also includes the foreign branches of other U.S. commercial banks. The definition o
CEXA,5219,DISTRIBUTION OF AMOUNT IN ITEM 5215 BY PUBLIC SECTOR ENTITIES,N,F,Includes the distributed amount in item 5215 by public sector entities. The term 'public' covers the following foreign institutions: central governments and departments of central governments of foreign countries and their possessions; foreign central banks; stabilization funds; exchange authorities; and government-owned banks that perform the functions of a central bank or a bank of issue; corporations and other agencies of central governments; including development banks; development instituti
CEXA,5220,DISTRIBUTION OF AMOUNT IN ITEM 5215 BY OTHERS,N,F,Includes the distributed amount in item 5215 by others. 'All other borrowers' covers claims on persons; businesses; and institutions other than 'banks' and 'public borrowers' defined in items 5218 and 5219. NOTE: Reported in Part A for the FFIEC 009a report. COMPARABILITY: Prior to 3/31/97; included the distributed amount in item 5217.
CEXA,5221,DISTRIBUTION OF AMOUNT IN ITEM 5215 WITH TIME REMAINING TO MATURITY OF ONE YEAR AND UNDER,N,F,Includes the distributed amount in item 5215 with a time remaining to maturity of one year and under. NOTE: Reported in Part A for the FFIEC 009a report. COMPARABILITY: Prior to 3/31/97; included the distributed amount in item 5217.
CEXA,5222,DISTRIBUTION OF AMOUNT IN ITEM 5215 WITH TIME REMAINING TO MATURITY OF OVER ONE YEAR,N,F,Includes the distributed amount in item 5215 with a time remaining to maturity of over one year. NOTE: Reported in Part A for the FFIEC 009a report. COMPARABILITY: Prior to 3/31/97; included the distributed amount in item 5217.
CEXA,5223,TOTAL AMOUNT OF EXPOSURE TO ALL OF THE COUNTRIES LISTED IN PART B,N,F,Includes the total amount of exposure to all of the countries listed in Part B. Provided is the name of each country not listed in Part A where the institution has exposure; as defined in item 4254 of Part A; that exceeds 0.75 percent but does not exceed 1 percent of the reporting institution's assets or is between 15 percent and 20 percent of its total capital; whichever is less. NOTE: Reported in Part B for the FFIEC 009a report.
CEXA,5224,OPTIONAL MANAGEMENT STATEMENT CONCERNING THE COUNTRY RISK INFORMATION REPORTED ON FFIEC 009A,N,F,The management of the reporting institution may; if it wishes; submit a brief statement concerning the data submitted on this report. This statement may be used by management to explain any differences between the information contained in this report and information filed with the Securities and Exchange Commission pursuant to U.S. securities laws; or to provide any other information concerning the data that management believes would further public understanding of the reporting institution's co
CEXA,8798,FDR TIME STAMP,N,F,Effective 10/24/2011; the FR 2572 information collection was transferred to the Consumer Financial Protection Bureau (CFPB); removing it from the Board's OMB inventory and adding it to the CFPB's under control number 3170-0001 The date and time the data were last updated. This item is derived in Proc FDR and is not stored on the FDR tables. Format: CCYYMMDD.HHMMSS NOTE: Before the FDR system this number was on the Archival File under the mnemonic ARCH.
CEXA,8799,ARCHIVAL DATE STAMP,N,F,The date (ccyymmdd) the data were last updated on the Archival. NOTE: This number is on the Archival File under the Mnemonic ARCH.
CEXA,8901,NAME OF PERSON QUESTIONS ARE DIRECTED,Y,F,Effective 10/24/2011; the FR 2572 information collection was transferred to the Consumer Financial Protection Bureau (CFPB); removing it from the Board's OMB inventory and adding it to the CFPB's under control number 3170-0001 Transmitted as TEXT. NOTE: For series TEXT; reported as confidential for the reporting period 3/31/88 thru 12/31/00. ESOP8901 will be collected at the Reserve Bank. ESOP8901 will not be added to the Board FDR ESOP database tables.
CEXA,8902,AREA CODE/PHONE NUMBER OF PERSON WHOM QUESTIONS ABOUT THIS REPORT SHOULD BE DIRECTED,Y,F,Effective 10/24/2011; the FR 2572 information collection was transferred to the Consumer Financial Protection Bureau (CFPB); removing it from the Board's OMB inventory and adding it to the CFPB's under control number 3170-0001 Transmitted as TEXT. NOTE: For series TEXT; reported as confidential for the reporting period 3/31/88 thru 12/31/00. ESOP8902 will be collected at the Reserve Bank. ESOP8902 will not be added to the Board FDR ESOP database tables.
CEXA,9017,LEGAL NAME,Y,F,Effective 10/24/2011; the FR 2572 information collection was transferred to the Consumer Financial Protection Bureau (CFPB); removing it from the Board's OMB inventory and adding it to the CFPB's under control number 3170-0001 The legal name as found on the charter or formation document of the entity. Names that have articles such as 'The' or 'A' as the first word should be stored with the article at the end of the name proceeded by a comma. For branches; only the branch portion of the name is s
CEXA,9130,CITY/TOWN TEXT NAME,Y,F,The name of the city or town in which the entity is physically located. 0 = Not applicable (individuals and pseudo entities) NOTE: For 'SURV' and 'SURH'; reported in the DB2 table from a SAS file. For 'SECF'; received from SEC on data file. For QFCS collected from survey. CCAM - The city in which the property is located. Contributors should be careful to provide the property city (not the mailing state of the borrower) CCAX - Normalized using commercial address standardization software CLCO - Th
CEXA,9191,PROCESSING DISTRICT,N,S,Effective 10/24/2011; the FR 2572 information collection was transferred to the Consumer Financial Protection Bureau (CFPB); removing it from the Board's OMB inventory and adding it to the CFPB's under control number 3170-0001 The processing district indicates the Reserve Bank district that processed the data. The values are defined as follows: 01 Boston 02 New York 03 Philadelphia 04 Cleveland 05 Richmond 06 Atlanta 07 Chicago 08 St. Louis 09 Minneapolis 10 Kansas City 11 Dallas 12 San Francisc
CEXA,9200,ABBREVIATED STATE NAME,Y,F,Two character state abbreviation as assigned to a state or territory. Source: FIPS 5-2. AK Alaska AL Alabama AR Arkansas AS American Samoa AZ Arizona CA California CO Colorado CT Connecticut DC Dist of Columbia DE Delaware FL Florida FM Federated States of Micronesia GA Georgia GU Guam HI Hawaii IA Iowa ID Idaho IL Illinois IN Indiana KS Kansas KY Kentucky LA Louisiana MA Massachusetts MD Maryland ME Maine MH Marshall Islands MI Michigan MN Minnesota MO Missouri MP Northern Mariana Islands MS Mi
CEXA,9201,NAME OF 1ST COUNTRY WHERE EXPOSURE MEETS THE REPORTING CRITERIA STATED FOR PART B,N,S,Name of the 1st country where exposure meets the reporting crieria stated for part B.
CEXA,9202,NAME OF 2ND COUNTRY WHERE EXPOSURE MEETS THE REPORTING CRITERIA STATED FOR PART B,N,S,Name of 2nd country where exposure meets the reporting criteria stated for part B.
CEXA,9203,COUNTRY GROUP CODE,N,S,The country code that identifies a country grouping. It must be a pre-existing country code (CNTRY_CD RSSD9204). NOTE: Reported for the FFIEC 002s (CRCB) report.
CEXA,9204,COUNTRY GROUP NAME,N,S,The name of the country that corresponds to 'Country Group Code' item no. 9203.
CEXA,9205,NAME OF 5TH COUNTRY WHERE EXPOSURE MEETS THE REPORTING CRITERIA STATED FOR PART B,N,S,Name of 5th country where exposure meets the reporting criteria stated for part B.
CEXA,9206,NAME OF 6TH COUNTRY WHERE EXPOSURE MEETS THE REPORTING CRITERIA STATED FOR PART B,N,S,Name of 6th country where exposure meets the reporting criteria stated for part B.
CEXA,9207,PHYSICAL NATION CODE,N,S,A five-digit number assigned to countries by geographic location. The coding system was developed for the Federal Reserve Banks and the Treasury in processing the Treasury International Capital Forms. The first four digits of the country code represents the actual code. The fifth number is a check digit calculated by the 'Modules 11 Method'. Note: The check digit is used only for processing. The codes and names are listed below. Zero filled indicates not applicable (individuals and pseudo entiti
CEXA,9208,FOREIGN COUNTRY CODE - IMMEDIATE FOREIGN HOLDER,N,S,This code indicates the country of the immediate foreign holder. If this is an individual; it is the country of citizenship. If the owner is a bank or bank holding company; it is the company country of charter. See item 'Foreign Country Code/Name - Physical Location (9207)' for code used. The Bank/Branch Structure File stores the actual code (first four digits) only. The check digit is used only for processing. NOTE: The following codes are being used in addition to those shown in item 9207. 010
CEXA,9209,FOREIGN CALL COUNTRY CODE,N,S,The country code of the Foreign Call Family ID (RSSD9360). Refer to Appendix B for a listing of these codes in the RSSD Data Dictionary Document. Source: Geographical Classification; the Department of the Treasury.
CEXA,9210,PHYSICAL STATE CODE,N,S,A two-digit code assigned to a state of the United States or a U. S. territory in which the entity is physically located or its mailing address. The mailing state is the same as the physical state. (Source: FIPS Pub 5.) 0 = Not applicable (individuals; non U.S. domiciled entities; and pseudo entities) 01 Alabama 02 Alaska 04 Arizona 05 Arkansas 06 California 08 Colorado 09 Connecticut 10 Delaware 11 Dist Of Columbia 12 Florida 13 Georgia 15 Hawaii 16 Idaho 17 Illinois 18 Indiana 19 Iowa 20 Kansa
CEXA,9211,NAME OF 11TH COUNTRY WHERE EXPOSURE MEETS THE REPORTING CRITERIA STATED FOR PART B,N,S,Name of 11th country where exposure meets the reporting criteria stated for part B.
CEXA,9212,LOCAL ID,N,S,An identifier that is assigned to an entity at the discretion of the district bank through the designated authorities. Zero filled indicates not applicable.
CEXA,9213,HOME STATE,N,S,The two-digit numeric state code (9210) identifying the home state of a Foreign Banking Organization that has a deposit-taking presence in the U.S. through a full service branch and/or a subsidiary bank. Home state of such foreign bank is the state in which it can accept domestic deposits. In the absence of grandfather rights; it may not accept domestic deposits in other states. Further; such foreign bank is subject to the home state limitations imposed by Sections 5 (a) and (b) of the IBA (whic
CEXA,9214,NAME OF 14TH COUNTRY WHERE EXPOSURE MEETS THE REPORTING CRITERIA STATED FOR PART B,N,S,name of 14th country where exposure meets the reporting criteria stated for part B.
CEXA,9215,NAME OF 15TH COUNTRY WHERE EXPOSURE MEETS THE REPORTING CRITERIA STATED FOR PART B,N,S,Name of 15th country where exposure meets the reporting criteria stated for part B.
CEXA,9224,LEGAL ENTITY IDENTIFIER,N,F,The Legal Entity Identifier (LEI) is a 20-digit alpha-numeric reference code to uniquely identify a legally distinct entity that engages in a financial transaction. The purpose for the LEI is to have a unified global identification system for legal entities across markets and jurisdictions. The LEI will be a linchpin for financial data-the first global and unique entity identifier enabling risk managers and regulators to identify parties to financial transactions instantly and precisely.
CEXA,C496,TITLE OF PERSON TO WHOM QUESTIONS ARE DIRECTED,Y,F,Effective 10/24/2011; the FR 2572 information collection was transferred to the Consumer Financial Protection Bureau (CFPB); removing it from the Board's OMB inventory and adding it to the CFPB's under control number 3170-0001 Includes the title of other person to whom questions are directed. NOTE: Transmitted as Text. Reported on Contact Information for the FFIEC 031 and 041 reports. Reported as confidential on the Call Report.
CEXA,C936,ULTIMATE-RISK BASIS: CROSS-BORDER AND FOREIGN-OFFICE COMMITMENTS AND GUARANTEES - UNUSED COMMITMENTS,N,F,Report on an 'ultimate risk' bais (i.e.; after risk transfers due to head ofices of bank branches or credit protection provided by third parties); the unused portions of all outstanding cross-border and local office commitments to provide credit. Include the unused portion of all outstanding letters of credit and amounts outstanding of purchases of risk participations. Commitments are legally binding agreements for which the reporter has charged a commitment fee or other consideration. Exclude '
CEXA,M869,CROSS-BORDER CLAIMS AND CLAIMS ON LOCAL RESIDENTS: SECURITIES (HTM AND AFS),N,F,FFIEC009 (FCEX) - 1. Securities (HTM and AFS) (Column 12) Report in Column 12; by country of issuer; securities the reporter owns and reports in Columns 1 through 10 of Schedule C; Part II that are classified as held-to-maturity or available-for-sale. Held-tomaturity securities should be reported at amortized cost and available-for-sale securities should be reported at fair value. FFIEC009a (CEXA) - For each country; distribute the amounts reported in Columns 1 and 2 that represent securities th
CEXA,M870,COLLATERAL HELD AGAINST CLAIMS WITH NO RISK TRANSFER -TOTAL COLLATERAL,N,F,FFIEC009 (FCEX) - In Column 13 through 16 of Schedule C; Part II report claims included in Columns 1 through 10 of Schedule C; Part II for which the obligor provided collateral that did not meet the definition of collateral for the risk-transfers of claims (See Section II.F). See Section V.C Examples for Schedule C; Parts I and II. In Column 13; report total claims; by country of the counterparty; included in Columns 1 through 10 of Schedule C; Part II for which the obligor provided collateral t
CEXA,M871,COLLATERAL HELD AGAINST CLAIMS WITH NO RISK TRANSFER -OF WHICH CASH,N,F,FFIEC009 (FCEX) - In Column 13 through 16 of Schedule C; Part II report claims included in Columns 1 through 10 of Schedule C; Part II for which the obligor provided collateral that did not meet the definition of collateral for the risk-transfers of claims (See Section II.F). See Section V.C Examples for Schedule C; Parts I and II. In Column 14; report; by country of counterparty; claims (regardless of whether cross-border or on local residents; or currency denomination) where cash collateral wa
CEXA,M872,COLLATERAL HELD AGAINST CLAIMS WITH NO RISK TRANSFER -OF WHICH SAME COUNTRY,N,F,FFIEC009 (FCEX) - In Column 13 through 16 of Schedule C; Part II report claims included in Columns 1 through 10 of Schedule C; Part II for which the obligor provided collateral that did not meet the definition of collateral for the risk-transfers of claims (See Section II.F). See Section V.C Examples for Schedule C; Parts I and II. In Column 15; report collateral held where the country of the ultimate obligor (i.e.; the issuer of the collateral or holder of the cash) is the same as the country o
CEXA,M873,COLLATERAL HELD AGAINST CLAIMS WITH NO RISK TRANSFER - OF WHICH RESALE AGREEMENTS AND SECURITIES LENDING (COUNTERPARTY),N,F,FFIEC009 (FCEX) In Column 13 through 16 of Schedule C; Part II report claims included in Columns 1 through 10 of Schedule C; Part II for which the obligor provided collateral that did not meet the definition of collateral for the risk-transfers of claims (See Section II.F). See Section V.C Examples for Schedule C; Parts I and II. In Column 16; report by country of the counterparty; claims reported in Columns 1 through 10 of Schedule C; Part II that arise from resale agreements; securities lendin
CEXA,M874,CROSS-BORDER CLAIMS AND CLAIMS ON LOCAL RESIDENTS: TRADING ASSETS - OFFSETTING POSITIONS FOR TRADING BOOK,N,F,FFIEC009 (FCEX) - Trading Assets (Columns 17 and 18) In Column 17; report the fair value of the reporterÆs trading account assets that are included in Columns 1 through 10 of Schedule C; Part II. Exclude from this column derivative claims; as these should be reported on Schedule D. CUSIP netting is permissible if the position was reported net on Schedule C; Part II Columns 1 through 10. In Column 18; report short positions in securities that have the same issuer (on a legal entity basis) and bro
CEXA,M875,CROSS-BORDER AND FOREIGN-OFFICE COMMITMENTS AND GUARANTEES: GUARANTEES (EXCLUDING CREDIT DERIVATIVES SOLD),N,F,FFIEC009 (FCEX) - Guarantees (Excluding Credit Derivatives Sold) (Column 2) In Column 2; report; on an ultimate-risk basis; all legally binding guarantees and insurance contracts (see Sections II.F.1 and II.F.2) issued by the reporters U.S. or foreign offices; excluding credit derivatives sold. Do not include guarantees which provide protection only between consolidated units of the reporter. Include the full amount of outstanding and unused financial and performance standby letters of credit in
CEXA,M876,CREDIT DERIVATIVES (BY REFERENCE ENTITY): GROSS-GROSS: TOTAL CREDIT DERIVATIVES PURCHASED,N,F,FFIEC009 (FCEX) Report in Columns 3 through 6; by country of the underlying reference entity; the notional value of all outstanding credit derivatives sold and of those credit derivatives purchased that are not reported as a risk transfer in Schedule C; Parts 1 and II (see Section II.H.1). Credit protection purchased to hedge/offset credit protection sold; or for speculative purposes; should be excluded as a risk transfer from Schedule C; Parts I and II; and reported in Columns 3 and 5 of Schedu
CEXA,M877,CREDIT DERIVATIVES (BY REFERENCE ENTITY): GROSS-GROSS: TOTAL CREDIT DERIVATIVES SOLD,N,F,FFIEC009 (FCEX) - Report in Columns 3 through 6; by country of the underlying reference entity; the notional value of all outstanding credit derivatives sold and of those credit derivatives purchased that are not reported as a risk transfer in Schedule C; Parts 1 and II (see Section II.H.1). Credit protection purchased to hedge/offset credit protection sold; or for speculative purposes; should be excluded as a risk transfer from Schedule C; Parts I and II; and reported in Columns 3 and 5 of Sche
CEXA,M878,CREDIT DERIVATIVES (BY REFERENCE ENTITY): GROSS-NET: TOTAL CREDIT DERIVATIVES PURCHASED,N,F,FFIEC009 (FCEX) - Gross-Net Total Credit Derivatives Purchased (Column 5 ) Report in Columns 5 and 6; as appropriate; the consolidated net position of credit derivative contracts included in Column 3 and 4. Netting may be done only when all the following apply: 1) there are offsetting purchased and sold positions on the same reference entity (on a legal entity basis); 2) the contracts are with the same counterparty; 3) the contracts are subject to a legally enforceable master netting agreement. 
CEXA,M879,CREDIT DERIVATIVES (BY REFERENCE ENTITY): GROSS-NET: TOTAL CREDIT DERIVATIVES SOLD,N,F,FFIEC009 (FCEX) - Gross-Net Total Credit Derivatives Sold (Column 6 ) Report in Columns 5 and 6; as appropriate; the consolidated net position of credit derivative contracts included in Column 3 and 4. Netting may be done only when all the following apply: 1) there are offsetting purchased and sold positions on the same reference entity (on a legal entity basis); 2) the contracts are with the same counterparty; 3) the contracts are subject to a legally enforceable master netting agreement. Contr
CEXA,M881,AMOUNT OF FOREIGN-OFFICE CLAIMS ON LOCAL RESIDENTS (EXCLUDING DERIVATIVE PRODUCTS),N,F,For each country line reportable on the FFIEC 009a report; report in Column 2 the sum of Columns 6 through 10 from Schedule C (Part II) of the FFIEC 009 report.
CEXA,M882,AMOUNT OF TOTAL CLAIMS OUTSTANDING FROM DERIVATIVE PRODUCTS AFTER MANDATED ADJUSTMENTS FOR TRANSFER OF EXPOSURE,N,F,List the total amount of cross-border claims and foreign-office claims on local residents from derivative products: From the FFIEC 009 report; the sum of Columns 5 and 7 of Schedule D.
CEXA,M883,GROSS FOREIGN-OFFICE LIABILITIES,N,F,List the total amount of gross foreign-office liabilities as reported on the FFIEC 009 report; Columns 1 and 2 of Schedule L. Note that Columns 1 and 2 of Schedule L include foreign-office liabilities to both local and non-local residents.
CEXA,M884,DISTRIBUTION OF AMOUNTS IN COLUMNS 1; CROSS-BORDER CLAIMS OUTSTANDING AFTER MANDATED ADJUSTMENTS FOR TRANSFER EXPOSURE AND 2; FOREIGN OFFICE CLAIMS ON LOCAL RESIDENTS (EXCLUDING DERIVATIVES)(EXCEPT COLUMN 13): BY TYPE OF BORROWER: BANKS,N,F,Report the amounts included in Columns 1 and 2 of this report where the counterparties are banks; as defined in Section II.D.1 of the FFIEC 009 instructions. These amounts are included on FFIEC 009 report on Schedule C (Part II); Columns 1 and 6; and Schedule D; Column 1.
CEXA,M885,DISTRIBUTION OF AMOUNTS IN COLUMNS 1; CROSS-BORDER CLAIMS OUTSTANDING AFTER MANDATED ADJUSTMENTS FOR TRANSFER EXPOSURE AND 2; FOREIGN OFFICE CLAIMS ON LOCAL RESIDENTS (EXCLUDING DERIVATIVES)(EXCEPT COLUMN 13): BY TYPE OF BORROWER: PUBLIC,N,F,Report the amounts included in Columns 1 and 2 of this report where the counterparties are public organizations; as defined in Section II.D.2 of the FFIEC 009 instructions. These amounts are included on FFIEC 009 report on Schedule C (Part II); Columns 2 and 7; and Schedule D; Column 2.
CEXA,M886,DISTRIBUTION OF AMOUNTS IN COLUMNS 1; CROSS-BORDER CLAIMS OUTSTANDING AFTER MANDATED ADJUSTMENTS FOR TRANSFER EXPOSURE AND 2; FOREIGN OFFICE CLAIMS ON LOCAL RESIDENTS (EXCLUDING DERIVATIVES)(EXCEPT COLUMN 13): BY TYPE OF BORROWER: NBFIS,N,F,Report the amounts included in Columns 1 and 2 of this report where the counterparties are NBFIs; as defined in Section II.D.3 of the FFIEC 009 instructions. These amounts are included on FFIEC 009 report on Schedule C (Part II); Columns 3 and 8; and Schedule D; Column 3.
CEXA,M887,DISTRIBUTION OF AMOUNTS IN COLUMNS 1; CROSS-BORDER CLAIMS OUTSTANDING AFTER MANDATED ADJUSTMENTS FOR TRANSFER EXPOSURE AND 2; FOREIGN OFFICE CLAIMS ON LOCAL RESIDENTS (EXCLUDING DERIVATIVES) (EXCEPT COLUMN 13): BY TYPE OF BORROWER: OTHER,N,F,Report the amounts included in Columns 1 and 2 of this report where the counterparties cannot be classified as Banks; Public or NBFIs (see Section II.D.6 of the FFIEC 009 instructions). These amounts are included on the FFIEC 009 report on Schedule C (Part II); Columns 4; 5; 9 and 10; and Schedule D; Column 4.
CEXA,M888,DISTRIBUTION OF AMOUNTS IN COLUMNS 1; CROSS-BORDER CLAIMS OUTSTANDING AFTER MANDATED ADJUSTMENTS FOR TRANSFER EXPOSURE AND 2; FOREIGN OFFICE CLAIMS ON LOCAL RESIDENTS (EXCLUDING DERIVATIVES)(EXCEPT COLUMN 13): BY MATURITY: ONE YEAR AND UNDER,N,F,For each country; distribute the amounts reported in Columns 1 and 2 according to time remaining to maturity as defined in Section IV.A of the FFIEC 009 instructions: One Year and Under (Column 10) and Over One Year (Column 11). In completing Columns 10 and 11; estimates may be used.
CEXA,M889,DISTRIBUTION OF AMOUNTS IN COLUMNS 1; CROSS-BORDER CLAIMS OUTSTANDING AFTER MANDATED ADJUSTMENTS FOR TRANSFER EXPOSURE AND 2; FOREIGN OFFICE CLAIMS ON LOCAL RESIDENTS (EXCLUDING DERIVATIVES) (EXCEPT COLUMN 13): BY MATURITY: OVER ONE YEAR,N,F,For each country; distribute the amounts reported in Columns 1 and 2 according to time remaining to maturity as defined in Section IV.A of the FFIEC 009 instructions: One Year and Under (Column 10) and Over One Year (Column 11). In completing Columns 10 and 11; estimates may be used.
CEXA,M956,CROSS BORDER CLAIMS AND CLAIMS ON LOCAL RESIDENTS: TRADING ASSETS,N,F,FFIEC009 (FCEX) TRADING ASSETS (Columns 17 and 18) In Column 17; report the fair value of the reporter's trading account assets that are included in Columns 1 through 10 of Schedule C; Part II. Exclude from this column derivative claims; as these should be reported on Schedule D. 'CUSIP netting' is permissible if the position was reported net on Schedule C; Part II Columns 1 through 10. FFIEC009a (CEXA) For each country; distribute the amounts reported in Columns 1 and 2 that are claims classifi
CEXA,PG78,Immediate-Counterparty Basis: Amount of Cross-Border Claims Outstanding (Excluding Derivative Products),N,F,As of 12/31/2022: For each country line reportable on the FFIEC 009a report; report in Column 1 the sum of Columns 1 through 5 from Schedule C; Part I; of the FFIEC 009 report.
CEXA,PG79,Immediate-Counterparty Basis: Amount of Foreign Office Claims on Local Residents (Excluding Derivative Products),N,F,As of 12/31/2022: For each country line reportable on the FFIEC 009a report; report in Column 2 the sum of Columns 6 through 10 from Schedule C; Part I; of the FFIEC 009 report.
CEXA,PG80,Distribution of Amounts in Column 1; Amount of Cross-Border Claims Outstanding (Excluding Derivative Products); and Column 2; Amount of Foreign Office Claims on Local Residents (Excluding Derivative Products): Type of Borrower: Banks,N,F,As of 12/31/2022: Report the amounts included in Columns 1 and 2 of this report where the counterparties are banks; as defined in Section II.D.1 of the FFIEC 009 instructions. These amounts are included on FFIEC 009 report on Schedule C; Part I; Columns 1 and 6; and Schedule D; Column 1.
CEXA,PG81,Distribution of Amounts in Column 1; Amount of Cross-Border Claims Outstanding (Excluding Derivative Products); and Column 2; Amount of Foreign Office Claims on Local Residents (Excluding Derivative Products): Type of Borrower: Public,N,F,As of 12/31/2022: Report the amounts included in Columns 1 and 2 of this report where the counterparties are public organizations; as defined in Section II.D.2 of the FFIEC 009 instructions. These amounts are included on FFIEC 009 report on Schedule C; Part I; Columns 2 and 7; and Schedule D; Column 2.
CEXA,PG82,Distribution of Amounts in Column 1; Amount of Cross-Border Claims Outstanding (Excluding Derivative Products); and Column 2; Amount of Foreign Office Claims on Local Residents (Excluding Derivative Products): Type of Borrower: NBFIs,N,F,As of 12/31/2022: Report the amounts included in Columns 1 and 2 of this report where the counterparties are NBFIs; as defined in Section II.D.3 of the FFIEC 009 instructions. These amounts are included on FFIEC 009 report on Schedule C; Part I; Columns 3 and 8; and Schedule D; Column 3.
CEXA,PG83,Distribution of Amounts in Column 1; Amount of Cross-Border Claims Outstanding (Excluding Derivative Products); and Column 2; Amount of Foreign Office Claims on Local Residents (Excluding Derivative Products): Type of Borrower: Other,N,F,As of 12/31/2022: Report the amounts included in Columns 1 and 2 of this report where the counterparties cannot be classified as Banks; Public or NBFIs (see Section II.D.6 of the FFIEC 009 instructions). These amounts are included on the FFIEC 009 report on Schedule C; Part I; Columns 4; 5; 9 and 10; and Schedule D; Column 4.
CTRY,9005,COUNTRY NAME,Y,S,The alpha name text of a country. Source: (For translation of numeric codes into text names; see directory entitled; Country Name (CUV_COUNTRY_NM)). TEXT9005 Appears on the FR Y-7Q starting 20160930.
FCEX,8577,CROSS-BORDER CLAIMS ON BANKS,Y,F,Includes all claims on banks; including the reporting institution's holdings of acceptances of foreign banks; and all claims on foreign branches of other U.S. banks. The amounts reported for each country should be based on the location of the office on which the respondent has the direct claim; not on the location of that bank's head office. Excludes claims on U.S. branches of foreign banks. NOTE: Reported on Schedule 1 for the FFIEC 009 report. Also reported as confidential.
FCEX,8578,CROSS-BORDER CLAIMS ON PUBLIC BORROWERS,Y,F,Includes all claims on public borrowers. The term 'public' includes the following foreign institutions: central governments and departments of central governments of foreign countries and their possessions; foreign central banks; stabilization funds; exchange authorities; and government-owned banks that perform the functions of a central bank or a bank of issue; corporations and other agencies of central governments; including development banks; development institutions; and other agencies whose
FCEX,8579,CROSS-BORDER CLAIMS ON ALL OTHER BORROWERS,Y,F,Includes all claims on persons; businesses; and institutions other than 'banks' and 'public' as defined in items 8577 and 8578. NOTE: Reported on Schedule 1 for the FFIEC 009 report. Also reported as confidential.
FCEX,8580,TOTAL CROSS-BORDER CLAIMS,Y,F,Includes the total direct 'cross-border claims' detailed by the country of residence of the borrower. NOTE: Reported on Schedule 1 for the FFIEC 009 report. Also reported as confidential.
FCEX,8581,ESTIMATED BREAKDOWN OF ITEM 8580 WITH A REMAINING MATURITY OF ONE YEAR AND UNDER,Y,F,Includes an estimated breakdown of total claims reported in item 8580 with a remaining maturity of one year and under. NOTE: Reported on Schedule 1 for the FFIEC 009 report. Also reported as confidential.
FCEX,8582,ESTIMATED BREAKDOWN OF ITEM 8580 WITH A REMAINING MATURITY OF OVER ONE YEAR TO TWO YEARS,Y,F,Includes an estimated breakdown of total claims reported in item 8580 with a remaining maturity of over one year to two years. NOTE: Reported on the FFIEC 009 report. Also reported as confidential.
FCEX,8583,ESTIMATED BREAKDOWN OF ITEM 8580 WITH A REMAINING MATURITY OF OVER TWO YEARS TO FIVE YEARS,Y,F,Includes an estimated breakdown of total claims reported in item 8580 with a remaining maturity of over two years to five years. NOTE: Reported on the FFIEC 009 report. Also reported as confidential.
FCEX,8584,ESTIMATED BREAKDOWN OF ITEM 8580 WITH A REMAINING MATURITY OF OVER FIVE YEARS,Y,F,Includes an estimated breakdown of total claims reported in item 8580 with a remaining maturity of over five years. NOTE: Reported on the FFIEC 009 report. Also reported as confidential.
FCEX,8585,RESPONDENT EXPLANATION,Y,F,Respondent explanation.
FCEX,8586,CLAIMS ON BANKS REPORTED IN ITEM 8577 WITH HEAD OFFICE OR GUARANTOR(S) LOCATED IN ANOTHER COUNTRY(S),Y,F,Included in this item on each country line are the amounts reported in item 8577 for that line that represents (1) claims on a branch or agency of a bank whose 'head office' is located in another country (including the United States); and (2) claims on a locally-chartered bank where the claim is guaranteed (as defined in Part III; definition C) by a bank or other guarantor in another country (including the United States); or by an international institution. Claims on banks that are subsidiaries 
FCEX,8587,CLAIMS ON PUBLIC BORROWERS REPORTED IN ITEM 8578 WITH GUARANTOR(S) LOCATED IN ANOTHER COUNTRY(S),Y,F,Included in this item are those claims on 'public' entities that are reported in item 8578 that are guaranteed (as defined in Part III; definition C) by bank; public and nonbank 'residents' of other countries (including the United States). On the U.S. line in this item; includes claims on U.S. public sector borrowers that are guaranteed by residents of other countries. The entry on the U.S. line of this item is not a component of item 8578; however; all other country entries in this item are com
FCEX,8588,CLAIMS ON ALL OTHER BORROWERS REPORTED IN ITEM 8579 WITH GUARANTOR(S) LOCATED IN ANOTHER COUNTRY(S),Y,F,Included in this item are those claims on non-bank and non-public borrowers that are reported in item 8579 that are guaranteed (as defined in Part III; definition C) by residents of other countries (including the United States). On the U.S. line in this item; includes claims on U.S. residents that are guaranteed by residents of other countries. The entry on the U.S. line of this item is not a component of item 8579; however; all other country entries in this item are components of the correspond
FCEX,8589,AMOUNT OF CLAIMS GUARANTEED BY U.S. GOVERNMENT ENTITIES INCLUDED IN ITEMS 8586 AND 8606,Y,F,Includes the amount of claims that are guaranteed by the U.S. Government entities included in items 8586 and 8606. NOTE: Reported on the FFIEC 009 report. Also reported as confidential.
FCEX,8590,REDISTRIBUTION OF GUARANTEEDS ISSUED BY THE COUNTRY'S BANKS OR REALLOCATED TO THE COUNTRY OF HEAD OFFICE,Y,F,Included on each country line (including the U.S. line and each international and regional line) claims reported in items 8586; 8587 and 8588 that are guaranteed (as defined in part III; definition C) by banks in that country. All claims reported in item 8586 on a bank's branches that are located outside the home country of the bank are considered to be 'guaranteed' by the head office and are to be reallocated to the country line of the head office in this item. This includes claims on U.S. bran
FCEX,8591,REDISTRIBUTION OF GUARANTEES ISSUED BY ANOTHER COUNTRY'S PUBLIC SECTOR ENTITIES,Y,F,This item reallocates those claims on borrowers reported in items 8586; 8587 and 8588 that are guaranteed by the public sectors of other countries (including the United States and international or regional institutions) to the countries of the guarantors. Portions of claims on foreign residents that are guaranteed by the Eximbank; Defense Department; or other U.S. government agencies; which are reported in items 8586; 8587 and 8588 for the country of residence of the borrower are reported in the
FCEX,8592,REDISTRIBUTION OF GUARANTEES ISSUED BY ALL OTHER GUARANTORS IN ANOTHER COUNTRY,Y,F,This item reallocates those claims reported in items 8586; 8587 and 8588 that are guaranteed by non-bank and non-public sector guarantors in other countries (including the United States and international or regional institutions) to the countries of the guarantors. NOTE: Reported on Schedule 1 for the FFIEC 009 report. Also reported as confidential.
FCEX,8593,LOCAL COUNTRY CLAIMS ON LOCAL RESIDENTS,Y,F,Included in this item on each foreign country line; are outstanding claims of the respondent's foreign offices that are on residents of the country in which the offices are located. Includes claims denominated in both local currency and non-local currency (e.g.; Belgian franc or U.S. dollar loans to residents of Belgium by a Belgian branch of the respondent). All amounts are reported in U.S. dollar equivalents. These amounts are reported only in this item and are not reflected in any other items
FCEX,8594,LOCAL COUNTRY LIABILITIES TO LOCAL RESIDENTS,Y,F,Included in this item; by country; are the liabilities of the respondent's foreign offices that represents legal obligations of the foreign offices and for which no payment is guaranteed at locations outside of the country of the office; for example; deposits with a foreign branch that do not carry a cross-border guarantee are assumed to be the legal liabilities of the foreign branch only and are to be paid at that branch. Local country liabilities may be made to residents or non-residents and p
FCEX,8595,NET DUE TO (OR DUE FROM) OWN RELATED OFFICES IN OTHER COUNTRIES,Y,F,Included for each country in which the respondent has an office are the net liabilities (or claims) of those offices on all other offices of the respondent that are located in other countries (e.g.; the net amount a German branch has 'due to' or 'due from' the head office and any other consolidated non-German office of the parent). Only a single net figure is to be reported for all the offices of the respondent in a given country. If the offices in a given country taken together have a net 'due 
FCEX,8596,COMMERCIAL LETTERS OF CREDIT,Y,F,Includes commercial letters of credit. NOTE: Reported on the FFIEC 009 report. Also reported as confidential.
FCEX,8597,CROSS-BORDER & FOREIGN-OFFICE NON-LOCAL CURRENCY: STANDBY LETTERS OF CREDIT & RISK PARTICIPATIONS PURCHASED,Y,F,
FCEX,8598,ALL OTHER COMMITMENTS,Y,F,Includes all other commitments. NOTE: Reported on the FFIEC 009 report. Also reported as confidential.
FCEX,8599,COMMITMENTS REPORTED IN ITEM A153 HEAD OFFICE/GUARANTOR IN ANOTHER COUNTRY,Y,F,Includes those letters of credit and other commitments issued by the respondent to residents of each country reported in item A153 that involves potential claims on customers that would; in turn; be guaranteed (as defined in Part III definition C) by residents of other countries; including the United States. The foreign country entries in this item are components of the same country entries in item A153. However; this item (column 16); of the United States line is not a component of item A153; w
FCEX,8600,REDISTRIBUTION OF COMMITMENTS IN ITEM A153 TO COUNTRY(S) OF HEAD OFFICE/GUARANTOR,Y,F,This item (column 17); reallocates to the guarantor countries (including the United States and each international or regional institution); the amounts of letters of credit and other commitments reported in item A153 that involves guarantees issued by residents of other countries. The total of this item equals the total of item A153. NOTE: Reported on Schedule 1 for the FFIEC 009 report. Also reported as confidential.
FCEX,8605,REDISTRIBUTION OF CLAIMS ON BANKS,Y,F,Includes the redistribution of claims on banks indicated in item 8586 (column 9) to country(s) of head office or guarantor(s). NOTE: Reported on the FFIEC 009 report. Also reported as confidential.
FCEX,8606,CLAIMS REPORTED IN ITEMS 8578 AND 8579,Y,F,Includes claims reported in items 8578 and 8579 (columns 2 and 3) with guarantor(s) located in another country(s). NOTE: Reported on the FFIEC 009 report. Also reported as confidential.
FCEX,8607,REDISTRIBUTION OF CLAIMS INDICATED IN ITEM 8606,Y,F,Includes the redistribution of claims indicated in item 8606 (column 11) to country(s) of guarantor(s). NOTE: Reported on the FFIEC 009 report. Also reported as confidential.
FCEX,8670,ESTIMATED BREAKDOWN OF ITEM 8580 WITH A REMAINING MATURITY OF OVER ONE YEAR TO FIVE YEARS,Y,F,Includes an estimated breakdown of total claims reported in item 8580 with a remaining maturity of over one year to five years. NOTE: Reported on Schedule 1 for the FFIEC 009 report. Also reported as confidential.
FCEX,8786,REPORTING LEVEL CODE,Y,F,Effective 10/24/2011; the FR 2572 information collection was transferred to the Consumer Financial Protection Bureau (CFPB); removing it from the Board's OMB inventory and adding it to the CFPB's under control number 3170-0001 0 = NA 1 = Fully consolidated entity including foreign office(s) 2 = Domestic office consolidation 3 = Foreign office consolidation 4 = Head office only 5 = Branch or combination of branches or offices The purpose of the Reporting level code is to give users information on
FCEX,8787,REPORTING EXCEPTION CODE,Y,F,Effective 10/24/2011; the FR 2572 information collection was transferred to the Consumer Financial Protection Bureau (CFPB); removing it from the Board's OMB inventory and adding it to the CFPB's under control number 3170-0001 1. The panel member files a consolidated report for two or more entities. The RPMS Exceptions table identifies the entities with financial data consolidated with the panel member. For FFIEC 002s reporters; the Exceptions table identifies the other managing U.S. branches of
FCEX,8798,FDR TIME STAMP,Y,F,Effective 10/24/2011; the FR 2572 information collection was transferred to the Consumer Financial Protection Bureau (CFPB); removing it from the Board's OMB inventory and adding it to the CFPB's under control number 3170-0001 The date and time the data were last updated. This item is derived in Proc FDR and is not stored on the FDR tables. Format: CCYYMMDD.HHMMSS NOTE: Before the FDR system this number was on the Archival File under the mnemonic ARCH.
FCEX,8799,ARCHIVAL DATE STAMP,Y,F,The date (ccyymmdd) the data were last updated on the Archival. NOTE: This number is on the Archival File under the Mnemonic ARCH.
FCEX,8901,NAME OF PERSON QUESTIONS ARE DIRECTED,Y,F,Effective 10/24/2011; the FR 2572 information collection was transferred to the Consumer Financial Protection Bureau (CFPB); removing it from the Board's OMB inventory and adding it to the CFPB's under control number 3170-0001 Transmitted as TEXT. NOTE: For series TEXT; reported as confidential for the reporting period 3/31/88 thru 12/31/00. ESOP8901 will be collected at the Reserve Bank. ESOP8901 will not be added to the Board FDR ESOP database tables.
FCEX,8902,AREA CODE/PHONE NUMBER OF PERSON WHOM QUESTIONS ABOUT THIS REPORT SHOULD BE DIRECTED,Y,F,Effective 10/24/2011; the FR 2572 information collection was transferred to the Consumer Financial Protection Bureau (CFPB); removing it from the Board's OMB inventory and adding it to the CFPB's under control number 3170-0001 Transmitted as TEXT. NOTE: For series TEXT; reported as confidential for the reporting period 3/31/88 thru 12/31/00. ESOP8902 will be collected at the Reserve Bank. ESOP8902 will not be added to the Board FDR ESOP database tables.
FCEX,9017,LEGAL NAME,Y,F,Effective 10/24/2011; the FR 2572 information collection was transferred to the Consumer Financial Protection Bureau (CFPB); removing it from the Board's OMB inventory and adding it to the CFPB's under control number 3170-0001 The legal name as found on the charter or formation document of the entity. Names that have articles such as 'The' or 'A' as the first word should be stored with the article at the end of the name proceeded by a comma. For branches; only the branch portion of the name is s
FCEX,9055,OCC CHARTER ID,Y,F,A number assigned by the Office of the Comptroller of the Currency to all entities to which it grants a charter. Beginning 7/21/2011; the OCC began using the OCC charter field to facilitate storage of supervisory information for nationally chartered thrifts. These IDs consist of the thrift docket number plus 700;000. 0 = Not applicable
FCEX,9130,CITY/TOWN TEXT NAME,Y,F,The name of the city or town in which the entity is physically located. 0 = Not applicable (individuals and pseudo entities) NOTE: For 'SURV' and 'SURH'; reported in the DB2 table from a SAS file. For 'SECF'; received from SEC on data file. For QFCS collected from survey. CCAM - The city in which the property is located. Contributors should be careful to provide the property city (not the mailing state of the borrower) CCAX - Normalized using commercial address standardization software CLCO - Th
FCEX,9151,PHYSICAL NATION NAME,Y,F,The name of the country that corresponds to 'Physical Nation Code' 9207. NOTE: For series FCEX represents the country of exposure. For series QFBS represents the country of the customer.
FCEX,9191,PROCESSING DISTRICT,Y,S,Effective 10/24/2011; the FR 2572 information collection was transferred to the Consumer Financial Protection Bureau (CFPB); removing it from the Board's OMB inventory and adding it to the CFPB's under control number 3170-0001 The processing district indicates the Reserve Bank district that processed the data. The values are defined as follows: 01 Boston 02 New York 03 Philadelphia 04 Cleveland 05 Richmond 06 Atlanta 07 Chicago 08 St. Louis 09 Minneapolis 10 Kansas City 11 Dallas 12 San Francisc
FCEX,9200,ABBREVIATED STATE NAME,Y,F,Two character state abbreviation as assigned to a state or territory. Source: FIPS 5-2. AK Alaska AL Alabama AR Arkansas AS American Samoa AZ Arizona CA California CO Colorado CT Connecticut DC Dist of Columbia DE Delaware FL Florida FM Federated States of Micronesia GA Georgia GU Guam HI Hawaii IA Iowa ID Idaho IL Illinois IN Indiana KS Kansas KY Kentucky LA Louisiana MA Massachusetts MD Maryland ME Maine MH Marshall Islands MI Michigan MN Minnesota MO Missouri MP Northern Mariana Islands MS Mi
FCEX,9207,PHYSICAL NATION CODE,Y,F,A five-digit number assigned to countries by geographic location. The coding system was developed for the Federal Reserve Banks and the Treasury in processing the Treasury International Capital Forms. The first four digits of the country code represents the actual code. The fifth number is a check digit calculated by the 'Modules 11 Method'. Note: The check digit is used only for processing. The codes and names are listed below. Zero filled indicates not applicable (individuals and pseudo entiti
FCEX,9224,LEGAL ENTITY IDENTIFIER,Y,F,The Legal Entity Identifier (LEI) is a 20-digit alpha-numeric reference code to uniquely identify a legally distinct entity that engages in a financial transaction. The purpose for the LEI is to have a unified global identification system for legal entities across markets and jurisdictions. The LEI will be a linchpin for financial data-the first global and unique entity identifier enabling risk managers and regulators to identify parties to financial transactions instantly and precisely.
FCEX,A152,AMOUNTS REPORTED IN ITEM 8580 AFTER ADJUSTMENTS IN ITEMS 8586; 8587; 8588; 8590; 8591 AND 8592 THAT REPRESENT ASSETS HELD FOR TRADING,Y,F,FFIEC009(FCEX) - Includes by country; the fair value of the respondent's outstanding claims reported in item 8580 (column 4) after adjustments in items 8586; 8587; 8588; 8590; 8591 and 8592 (columns 8-13) that satisfies the coverage and definition of claims given in Part III; definition J. NOTE: Beginning 3/31/2006; moved to Schedule 1.a. Reported on Schedule 1 for the FFIEC 009 report. Also reported as confidential. FFIEC009A (CEXA) - For each country; distribute the amounts reported in Columns
FCEX,A153,ALL COMMITMENTS,Y,F,Includes by country of the account party; all contractual commitments such as legally binding lines of credit and formal guarantees (as defined in Part III; definition C). Also includes all outstanding commercial letters of credit issued or confirmed (as defined in Part III; definition E). Excludes advised letters of credit and any such letters of credit issued on behalf of U.S. residents. Includes all (a) outstanding standby letters of credit issued or confirmed and (b) amounts outstanding of p
FCEX,A154,TRADING FINANCING,Y,F,Includes by country; the claims and commitments reported in items 8577; 8578; 8579; 8580 and A153 (columns 1-4 and 15) that satifies the coverage and definition of claims given in Part III; definition F. NOTE: Reported on Schedule 1 for the FFIEC 009 report. Also reported as confidential.
FCEX,A334,FAIR VALUE OF FOREIGN EXCHANGE AND DERIVATIVE PRODUCTS - BANKS,Y,F,Report the positive fair value of derivative contracts by sector (see Section II.C of the instructions) in Columns 1 through 3; and the total in Column 4. If reporter chooses to report separately foreign office claims in Columns 6 and foreign office liabilities in Column 7; report only cross-border claims in Columns 1 through 4 (refer to instructions for Columns 6 and 7). Otherwise; report in Columns 1 through 4 both cross-border claims and foreign office claims on local residents that result fr
FCEX,A335,FAIR VALUE OF FOREIGN EXCHANGE AND DERIVATIVE PRODUCTS - PUBLIC,Y,F,For definition see item no. A334. NOTE: Prior to 3/31/06; title was 'Revaluation Gains on Foreign Exchange and Derivative Products on Public Borrowers' and included the amounts of revaluation gains on foreign exchange and derivative products on public borrowers. Reported on Schedule 2 for the FFIEC 009 report. Also reported as confidential.
FCEX,A336,FAIR VALUE OF FOREIGN EXCHANGE AND DERIVATIVE PRODUCTS - OTHER,Y,F,For definition see item no. A334. NOTE: Prior to 3/31/06; title was 'Revaluation Gains on Foreign Exchange and Derivative Product on Other Borrowers' and included the amounts of revaluation gains on foreign exchange and derivative products on other borrowers. Reported on Schedule 2 for the FFIEC 009 report. Also reported as confidential.
FCEX,A337,FAIR VALUE OF FOREIGN EXCHANGE AND DERIVATIVE PRODUCTS - TOTAL,Y,F,For definition see item no. A334. NOTE: Prior to 3/31/06; title was 'Total Revaluation Gains on Foreign Exchange and Derivative Products' and included the total amounts of revaluation gains on foreign exchange and derivative products. Reported on Schedule 2 for the FFIEC 009 report. Also reported as confidential.
FCEX,A338,MEMORANDUM: CLAIMS ON BRANCHES WITH NO GUARANTEE FROM PARENT,Y,F,Includes the total amounts of net positive residual exposure. NOTE: Reported on Schedule 2 for the FFIEC 009 report. Also reported as confidential.
FCEX,A339,LOCAL COUNTRY CLAIMS ON LOCAL RESIDENTS,Y,F,Includes on each country line; claims of a foreign office of the reporting institution that are claims on residents of the country in which the office is located. Such claims may be denominated in either local or non-local currency. Entries are made in this item (column 6) for a particular country line only if the reporting bank has a branch or subsidiary in that country. Excludes foreign office claims on local residents that are: guaranteed by residents of other countries; claims on local branc
FCEX,A340,LOCAL COUNTRY LIABILITIES,Y,F,Includes local country liabilities. Local country liabilities are the liabilities of the respondent's foreign office that represents legal obligations of the foreign office and for which no payment is guaranteed at locations outside of the country of that office. Local country liabilities may be to residents or non-residents and payable in local or non-local currencies. NOTE: Beginning 12/31/1987; reported on the DB2 CEXC01; CEXI01; and CEXR01 Tables. Reported on Schedule 2 for the FFIEC 009 rep
FCEX,C481,DUPLICATE DATA IDENTIFIER,Y,F,This item is used to identify respondents whose data are also reported in the consolidated data of another respondent during the same report period. NOTE: This item is the same as item number 8787 (RPMS Reporting Exception Code). Reported on the FFIEC 009 (FCEX) report.
FCEX,C490,NAME OF AUTHORIZED OFFICER,Y,F,Includes the name of the authorized officer signing the reports. NOTE: Reported on Contact Information for the FFIEC 031 and 041 reports. Reported as confidential for the Call Report. Added to the Y9C &amp; LP 20060930 (MDRM was TEXTC490 for 20060930 reporting period) as confidential item. C and LP began using BHCKC490 and BHCPC490; respectively on the 20061231 report. Added to FR Y-9SP 20061231 using BHSPC490 as confidential item. Added to FR Y-12A 20061231. Printed Name of Senior Officer - Add
FCEX,C491,TITLE OF AUTHORIZED OFFICER,Y,F,Includes the title of the authorized officer signing the reports. NOTE: Reported on Contact Information for the FFIEC 031 and 041 reports. Reported as confidential on the Call Report.
FCEX,C496,TITLE OF PERSON TO WHOM QUESTIONS ARE DIRECTED,Y,F,Effective 10/24/2011; the FR 2572 information collection was transferred to the Consumer Financial Protection Bureau (CFPB); removing it from the Board's OMB inventory and adding it to the CFPB's under control number 3170-0001 Includes the title of other person to whom questions are directed. NOTE: Transmitted as Text. Reported on Contact Information for the FFIEC 031 and 041 reports. Reported as confidential on the Call Report.
FCEX,C915,IMMEDIATE-COUNTERPARTY BASIS: CROSS-BORDER CLAIMS-BANKS,Y,F,Report all cross-border claims in any currency. NOTE: Reported on Schedule 1 for the FFIEC 009 report.
FCEX,C916,IMMEDIATE-COUNTERPARTY BASIS:CROSS-BORDER CLAIMS-PUBLIC,Y,F,Report all cross-border claims in any currency. NOTE: Reported on Schedule 1 for the FFIEC 009 report.
FCEX,C917,IMMEDIATE-COUNTERPARTY BASIS:CROSS-BORDER CLAIMS-OTHER,Y,F,Report all cross-border claims in any currency. NOTE: Reported on Schedule 1 for the FFIEC 009 report.
FCEX,C918,IMMEDIATE-COUNTERPARTY BASIS:FOREIGN-OFFICE CLAIMS ON LOCAL RESIDENTS IN NON-LOCAL CURRENCY-BANKS,Y,F,Report all foreign office claims in currencies other than the official currency of the country in which the local office exists. Allocate the claims to each section (see Section II.C) and each country row (see Section III) based upon the sector and residence/entity type of the direct obligor. NOTE: Reported on Schedule 1 for the FFIEC 009 report.
FCEX,C919,IMMEDIATE-COUNTERPARTY BASIS:FOREIGN-OFFICE CLAIMS ON LOCAL RESIDENTS IN NON-LOCAL CURRENCY-PUBLIC,Y,F,For definition see item C918. NOTE: Reported on Schedule 1 for the FFIEC 009 report.
FCEX,C920,IMMEDIATE-COUNTERPARTY BASIS:FOREIGN-OFICE CLAIMS ON LOCAL RESIDENTS IN NON-LOCAL CURRENCY-OTHER,Y,F,For definition see item no. C918. NOTE: Reported on Schedule 1 for the FFIEC 009 report.
FCEX,C921,IMMEDIATE COUNTERPARTY BASIS: CROSS BORDER CLAIM AND FOREIGN OFFICE CLAIMS ON LOCAL RESIDENTS IN NON-LOCAL CURRENCY WITH REMAINING MATURITY UP TO AND INCLUDING 1 YEAR,Y,F,Report all claims reported in Columns 1 through 6 that have 1 year or less to the remaining contractual maturity date except as described below. The definition of 'one year' should be consisent with the definition used in the FFIEC 031 and the FR Y-9C. Marketabale equity investments; both trading and available-for-sale; should be reported as maturing under one year; because they are liquid investments. Debt securities held in the trading account should be reported in the one year and under categ
FCEX,C922,IMMEDIATE COUNTERPARTY BASIS: FOREIGN-OFFICE CLAIMS ON LOCAL RESIDENTS IN LOCAL CURRENCY,Y,F,Report all foreign office claims on local residens in the official currency of the country in which the local office exists (see Sections II.E and II.F in the instructions). Note that all claims on residents of another country and claims of the foreign office in a non-local currency on residents of the same country should be reported in Columns 1 through 6 and excluded from this column. NOTE: Reported on Schedule 1 for the FFIEC 009 report.
FCEX,C923,REDISTRIBUTION OF CLAIMS TO ADJUST FOR ULTIMATE RISK: OUTWARD RISK TRANSFERS OF CLAIMS ON FOREIGN OR U.S. RESIDENTS - CLAIMS ON BANKS,Y,F,Report (as a positive number); for each country row; all required transfers from banks located in that country of claims reported in Coums 1; 4; and 8 or of claims on banks located in the United States. NOTE: Reported on Schedule 1 for the FFIEC 009 report.
FCEX,C924,REDISTRIBUTION OF CLAIMS TO ADJUST FOR ULTIMATE RISK: OUTWARD RISK TRANSFERS OF CLAIMS ON FOREIGN OR U.S. RESIDENTS - CLAIMS ON PUBLIC,Y,F,Report (as a positive number); for each country row; all required risk transfers from the public ssector located in that country of claims reported in Columns 2; 5; and 8 or of claims on public sector located in the United States. NOTE: Reported on Schedule 1 for the FFIEC 009 report.
FCEX,C925,REDISTRIBUTION OF CLAIMS TO ADJUST FOR ULTIMATE RISK: OUTWARD RISK TRANSFERS OF CLAIMS REPORTED IN COLUMNS 1 THROUGH 6 AND 8; OR ON U.S. RESIDENTS - CLAIMS ON OTHER,Y,F,Report (as a positive number); for each country row; all required risk transfers from all persons; businesses; and institutions other than banks and the public sector located in that country of claims reported in Columns 3; 6; and 8 or of claims on non-bank; non-public-sector entities located in the United States. NOTE: Reported on Schedule 1 for the FFIEC 009 report.
FCEX,C926,REDISTRIBUTION OF CLAIMS TO ADJUST FOR ULTIMATE RISK: INWARD RISK TRANSFERS OF CLAIMS ON FOREIGN OR U.S. RESIDENTS - CLAIMS ON BANKS,Y,F,Report for each country row; all required risk transfers to banks located in that country of claims reported in Columns 9through 11. NOTE: Reported on Schedule 1 for the FFIEC 009 report.
FCEX,C927,REDISTRIBUTION OF CLAIMS TO ADJUST FOR ULTIMATE RISK: INWARD RISKS TRANSFERS OF CLAIMS ON FOREIGN OR U.S. RESIDENTS - CLAIMS ON PUBLIC,Y,F,Report for each country row; all required transfers to the public sector located in that country of claims reported in Columns 9 through 11. NOTE: Reported on the Schedule 1 for the FFIEC 009 report.
FCEX,C928,REDISTRIBUTION OF CLAIMS TO ADJUST FOR ULTIMATE RISK: INWARD RISK TRANSFERS OF CLAIMS REPORTED IN COLUMNS 1 THROUGH 6 AND 8; OR ON U.S. RESIDENTS - CLAIMS ON OTHER,Y,F,Report for each country row; all required transfers to others (i.e.; non-bank; non-public-sector entities) located in that country of claims reported in Columns 9 through 11. NOTE: Reported on Schedule 1 for the FFIEC 009 report.
FCEX,C929,ULTIMATE-RISK BASIS: CROSS-BORDER CLAIMS - BANKS,Y,F,Report all claims that; on an ultimate risk basis; are cross-border claims;i.e.; claims for which the ultimate obligor; after required risk transfers; is a resident of a country other than the country of the office that holds the claim. The claims should be allocated to each column bassed upon the sector of the ultimate obligor (see Section II.C in the instructions) and to each row bassed upon the country in which the ultimate obligor is located (see Section III). Claims for which the ultimate o
FCEX,C930,ULTIMATE-RISK BASIS: CROSS-BORDER CLAIMS - PUBLIC,Y,F,For definition see item no. C929. NOTE: Reported on Schedule 1 for the FFIEC 009 report.
FCEX,C931,ULTIMATE-RISK BASIS: CROSS-BORDER CLAIMS - OTHER,Y,F,For definition see item no. C929. NOTE: Reported on Schedule 1 for the FFIEC 009 report.
FCEX,C932,ULTIMATE-RISK BASIS: FOREIGN-OFFICE CLAIMS ON LOCAL RESIDENTS - BANKS,Y,F,Report all claims that; on an ultimate risk basis; are foreign office claims on local residents--i.e.; claims for which the ultimate obligor; after required risk transfers; is a resident of the country in which the foreign office is located. The claims should be allocated to each column based upon the sector of the ultimate obligor (see Section II.C of the instructions) and to each row bassed upon the country in which ultimate obligor (and the foreign office) is located (see Section III). NOTE: 
FCEX,C933,ULTIMATE-RISK BASIS: FOREIGN-OFFICE CLAIMS ON LOCAL RESIDENTS - PUBLIC,Y,F,For definition see item no. C932. NOTE: Reported on Schedule 1 for the FFIEC 009 report.
FCEX,C934,ULTIMATE-RISK BASIS: FOREIGN-OFFICE CLAIMS ON LOCAL RESIDENTS - OTHER,Y,F,For definition see item no. C932. NOTE: Reported on Schedule 1 for the FFIEC 009 report.
FCEX,C935,ULTIMATE-RISK BASIS: CLAIMS ON LOCAL RESIDENTS: CLAIMS IN NON-LOCAL CURRENCY,Y,F,Report all claims reported in Columns 18 through 20 that are claims in currencies other than the official currency (see Section LL.F of the instructions) of the country in which the foreign office is located. (All claims reported in Columns 18through 20 should be foreign office claims on local residents.) NOTE: Reported on Schedule 1 for the FFIEC 009 report.
FCEX,C936,ULTIMATE-RISK BASIS: CROSS-BORDER AND FOREIGN-OFFICE COMMITMENTS AND GUARANTEES - UNUSED COMMITMENTS,Y,F,Report on an 'ultimate risk' bais (i.e.; after risk transfers due to head ofices of bank branches or credit protection provided by third parties); the unused portions of all outstanding cross-border and local office commitments to provide credit. Include the unused portion of all outstanding letters of credit and amounts outstanding of purchases of risk participations. Commitments are legally binding agreements for which the reporter has charged a commitment fee or other consideration. Exclude '
FCEX,C937,ULTIMATE-RISK BASIS: CROSS-BORDER AND FOREIGN-OFFICE COMMITMENTS AND GUARANTEES - GUARANTEES AND CREDIT DERIVATIVES,Y,F,Report by country row of the underlying ultimate obligor; all legally binding guarantees and insurance contracts (see Section II.D.1 and II.D2 of the instructions) issued by he reporter's U.S. or foreign offices for which he ultimate obligor is not a U.S. resident. Because this report is on a consolidated bsis; do not include guarantees which provide protection only between consolidated units of the reporter. Include the fullamount of outstanding and unused financial and performance standby lett
FCEX,C938,FOREIGN-OFFICE LIABILITIES IN NON-LOCAL CURENCY,Y,F,Report in this column; the liabilities of the reporter's foreign offices by country of each foreign office that represent liabilities of the foreign offices for which no payment is guaranteed at locations outside the country of the office. For example; deposits of a foreign branch are assumed to be the liabilities of the foreign branch; unless they are explicitly redeemable outside the coutnry in which the branch is located. Exclude the negative fair value of derivative contracts; which may be r
FCEX,C939,FOREIGN-OFFICE LIABILITIES IN LOCAL CURRENCY,Y,F,Reort in this column; the liabilities of the reporter's foreign offices by country of each foreign office that represent liabilities of the foreign offices for which no payment is guaranteed at locations outside the country of the office. For example; deposits of a foreign branch are assumed to be the liabilities of the foreign branch; unless they are explicitly redeemable outside the country in which the branch is located. Exclude the negative fair value of derivative contracts; which may be re
FCEX,C940,TOTAL LIABILITIES BOOKED AT FOREIGN OFFICES,Y,F,Report by country of the creditor; all liabilities that are booked at any of the reporter's foreign offices; regardless of the currency and regardless of whether payment is guaranteed at locations outside the country of the office. Liabilities in this column; should be reported against the country where the counterparter is located (i.e.; on an immediate counterparty basis) and not the location of the parent of the creditor. Exclude the negative fair value of derivatives contracts; which may be 
FCEX,C941,AMOUNTS REPORTED IN ULTIMATE RISK BASIS FOR CROSS BORDER CLAIMS AND CLAIMS ON LOCAL RESIDENTS; AND CROSS BORDER AND FOREIGN OFFICE COMMITMENTS AND GUARANTEES THAT ARE TRADE FINANCE,Y,F,Report in this column total extensions of credit with maturities one year and under that are included in Columns 15 through 20 and 22 through 23 and that: (1) are directly related to imports or exports and (2) will be liquidated through the proceeds of international trade. Provided these two conditions are met; such credit extensions may include customers' liability on acceptances outstanding; own acceptances discounted; acceptances of other banks purchased; pre-export financing where there is a
FCEX,FT23,CERTIFICATION DAY,Y,F,
FCEX,FT24,CERTIFICATION MONTH,Y,F,
FCEX,FT25,CERTIFICATION YEAR,Y,F,
FCEX,H321,AUTHORIZED SIGNATURE,Y,F,Effective 10/24/2011; the FR 2572 information collection was transferred to the Consumer Financial Protection Bureau (CFPB); removing it from the Board's OMB inventory and adding it to the CFPB's under control number 3170-0001 Authorized signature of the person filling out the report form. The Authorized Signature field is a technical processing item - no data item will stored in FDR. FBOQ Notes: Signature of Officer This is the signature field. It will not be collected or stored in FDR. FHMB No
FCEX,M851,IMMEDIATE COUNTERPARTY BASIS: CROSS-BORDER CLAIMS: NBFIS,Y,F,In Columns 1 through 5 report all cross-border claims; as defined in Section II.E.1; denominated in any currency.
FCEX,M852,IMMEDIATE COUNTERPARTY BASIS: CROSS-BORDER CLAIMS: CORPORATE,Y,F,In Columns 1 through 5 report all cross-border claims; as defined in Section II.E.1; denominated in any currency.
FCEX,M853,IMMEDIATE COUNTERPARTY BASIS: CROSS-BORDER CLAIMS: HOUSEHOLDS,Y,F,In Columns 1 through 5 report all cross-border claims; as defined in Section II.E.1; denominated in any currency.
FCEX,M854,IMMEDIATE COUNTERPARTY BASIS: CLAIMS ON LOCAL RESIDENTS IN NON-LOCAL CURRENCY: NBFIS,Y,F,In Columns 6 through 10 report all claims on local residents in currencies other than the official currency of the country in which the local office exists; as defined in Sections II.E.2 and II.E.3.
FCEX,M855,IMMEDIATE COUNTERPARTY BASIS: CLAIMS ON LOCAL RESIDENTS IN NON-LOCAL CURRENCY: CORPORATE,Y,F,In Columns 6 through 10 report all claims on local residents in currencies other than the official currency of the country in which the local office exists; as defined in Sections II.E.2 and II.E.3.
FCEX,M856,IMMEDIATE COUNTERPARTY BASIS: CLAIMS ON LOCAL RESIDENTS IN NON-LOCAL CURRENCY: HOUSEHOLDS,Y,F,In Columns 6 through 10 report all claims on local residents in currencies other than the official currency of the country in which the local office exists; as defined in Sections II.E.2 and II.E.3.
FCEX,M857,REDISTRIBUTION OF CLAIMS TO ADJUST FOR ULTIMATE RISK: OUTWARD RISK TRANSFERS OF CLAIMS ON FOREIGN OR U.S. RESIDENTS: CLAIMS ON NBFIS,Y,F,Redistribute all claims subject to a required risk transfer (see Sections II.F and II.H) from the sector and country of the immediate counterparty and to the sector and country of the ultimate obligor. Show the required risk transfers between different countries or between different sectors in the same country. Exclude risk transfers within the same country and sector. The sum of the outward required risk transfers (in Columns 13 through 17) on a grand-total basis should equal the sum of the inw
FCEX,M858,REDISTRIBUTION OF CLAIMS TO ADJUST FOR ULTIMATE RISK: OUTWARD RISK TRANSFERS OF CLAIMS REPORTED ON FOREIGN OR U.S. RESIDENTS: CLAIMS ON CORPORATE,Y,F,Redistribute all claims subject to a required risk transfer (see Sections II.F and II.H) from the sector and country of the immediate counterparty and to the sector and country of the ultimate obligor. Show the required risk transfers between different countries or between different sectors in the same country. Exclude risk transfers within the same country and sector. The sum of the outward required risk transfers (in Columns 13 through 17) on a grand-total basis should equal the sum of the inw
FCEX,M859,REDISTRIBUTION OF CLAIMS TO ADJUST FOR ULTIMATE RISK: OUTWARD RISK TRANSFERS OF CLAIMS ON FOREIGN OR U.S. RESIDENTS: CLAIMS ON HOUSEHOLD,Y,F,Redistribute all claims subject to a required risk transfer (see Sections II.F and II.H) from the sector and country of the immediate counterparty and to the sector and country of the ultimate obligor. Show the required risk transfers between different countries or between different sectors in the same country. Exclude risk transfers within the same country and sector. The sum of the outward required risk transfers (in Columns 13 through 17) on a grand-total basis should equal the sum of the inw
FCEX,M860,REDISTRIBUTION OF CLAIMS TO ADJUST FOR ULTIMATE RISK: INWARD RISK TRANSFERS OF CLAIMS REPORTED ON FOREIGN OR U.S. RESIDENTS: CLAIMS ON NBFIS,Y,F,Redistribute all claims subject to a required risk transfer (see Sections II.F and II.H) from the sector and country of the immediate counterparty and to the sector and country of the ultimate obligor. Show the required risk transfers between different countries or between different sectors in the same country. Exclude risk transfers within the same country and sector. The sum of the outward required risk transfers (in Columns 13 through 17) on a grand-total basis should equal the sum of the inw
FCEX,M861,REDISTRIBUTION OF CLAIMS TO ADJUST FOR ULTIMATE RISK: INWARD RISK TRANSFERS OF CLAIMS REPORTED ON FOREIGN OR U.S. RESIDENTS: CLAIMS ON CORPORATE,Y,F,Redistribute all claims subject to a required risk transfer (see Sections II.F and II.H) from the sector and country of the immediate counterparty and to the sector and country of the ultimate obligor. Show the required risk transfers between different countries or between different sectors in the same country. Exclude risk transfers within the same country and sector. The sum of the outward required risk transfers (in Columns 13 through 17) on a grand-total basis should equal the sum of the inw
FCEX,M862,REDISTRIBUTION OF CLAIMS TO ADJUST FOR ULTIMATE RISK: INWARD RISK TRANSFERS OF CLAIMS REPORTED ON FOREIGN OR U.S. RESIDENTS: CLAIMS ON HOUSEHOLDS,Y,F,Redistribute all claims subject to a required risk transfer (see Sections II.F and II.H) from the sector and country of the immediate counterparty and to the sector and country of the ultimate obligor. Show the required risk transfers between different countries or between different sectors in the same country. Exclude risk transfers within the same country and sector. The sum of the outward required risk transfers (in Columns 13 through 17) on a grand-total basis should equal the sum of the inw
FCEX,M863,UTLIMATE RISK BASIS: CROSS-BORDER CLAIMS: NBFIS,Y,F,1. Cross-border Claims In Columns 1 through 5; report all claims that; on an ultimate-risk basis; are cross-border claimsù i.e.; claims for which the ultimate obligor; after required risk transfers; is a resident of a country other than the country of the office that holds the claim. The claims should be allocated to each column based upon the sector of the ultimate obligor (see Section II.C) and to each row based upon the country in which the ultimate obligor is located (see Section III).
FCEX,M864,UTLIMATE RISK BASIS: CROSS-BORDER CLAIMS: CORPORATE,Y,F,1. Cross-border Claims In Columns 1 through 5; report all claims that; on an ultimate-risk basis; are cross-border claimsù i.e.; claims for which the ultimate obligor; after required risk transfers; is a resident of a country other than the country of the office that holds the claim. The claims should be allocated to each column based upon the sector of the ultimate obligor (see Section II.C) and to each row based upon the country in which the ultimate obligor is located (see Section III).
FCEX,M865,UTLIMATE RISK BASIS: CROSS-BORDER CLAIMS: HOUSEHOLD,Y,F,1. Cross-border Claims In Columns 1 through 5; report all claims that; on an ultimate-risk basis; are cross-border claimsù i.e.; claims for which the ultimate obligor; after required risk transfers; is a resident of a country other than the country of the office that holds the claim. The claims should be allocated to each column based upon the sector of the ultimate obligor (see Section II.C) and to each row based upon the country in which the ultimate obligor is located (see Section III).
FCEX,M866,UTLIMATE RISK BASIS: CLAIMS ON LOCAL RESIDENTS: NBFIS,Y,F,2. Claims on Local Residents In Columns 6 through 10; report all claims that; on an ultimate-risk basis; are claims on local residentsùi.e.; claims for which the ultimate obligor; after required risk transfers; is a resident of the country in which the reporterÆs office is located. The claims should be allocated to each column based upon the sector of the ultimate obligor and to each row based upon the country in which the ultimate obligor is located.
FCEX,M867,UTLIMATE RISK BASIS: CLAIMS ON LOCAL RESIDENTS: CORPORATE,Y,F,2. Claims on Local Residents In Columns 6 through 10; report all claims that; on an ultimate-risk basis; are claims on local residentsùi.e.; claims for which the ultimate obligor; after required risk transfers; is a resident of the country in which the reporterÆs office is located. The claims should be allocated to each column based upon the sector of the ultimate obligor and to each row based upon the country in which the ultimate obligor is located.
FCEX,M868,UTLIMATE RISK BASIS: CLAIMS ON LOCAL RESIDENTS: HOUSEHOLDS,Y,F,2. Claims on Local Residents In Columns 6 through 10; report all claims that; on an ultimate-risk basis; are claims on local residentsùi.e.; claims for which the ultimate obligor; after required risk transfers; is a resident of the country in which the reporterÆs office is located. The claims should be allocated to each column based upon the sector of the ultimate obligor and to each row based upon the country in which the ultimate obligor is located.
FCEX,M869,CROSS-BORDER CLAIMS AND CLAIMS ON LOCAL RESIDENTS: SECURITIES (HTM AND AFS),Y,F,FFIEC009 (FCEX) - 1. Securities (HTM and AFS) (Column 12) Report in Column 12; by country of issuer; securities the reporter owns and reports in Columns 1 through 10 of Schedule C; Part II that are classified as held-to-maturity or available-for-sale. Held-tomaturity securities should be reported at amortized cost and available-for-sale securities should be reported at fair value. FFIEC009a (CEXA) - For each country; distribute the amounts reported in Columns 1 and 2 that represent securities th
FCEX,M870,COLLATERAL HELD AGAINST CLAIMS WITH NO RISK TRANSFER -TOTAL COLLATERAL,Y,F,FFIEC009 (FCEX) - In Column 13 through 16 of Schedule C; Part II report claims included in Columns 1 through 10 of Schedule C; Part II for which the obligor provided collateral that did not meet the definition of collateral for the risk-transfers of claims (See Section II.F). See Section V.C Examples for Schedule C; Parts I and II. In Column 13; report total claims; by country of the counterparty; included in Columns 1 through 10 of Schedule C; Part II for which the obligor provided collateral t
FCEX,M871,COLLATERAL HELD AGAINST CLAIMS WITH NO RISK TRANSFER -OF WHICH CASH,Y,F,FFIEC009 (FCEX) - In Column 13 through 16 of Schedule C; Part II report claims included in Columns 1 through 10 of Schedule C; Part II for which the obligor provided collateral that did not meet the definition of collateral for the risk-transfers of claims (See Section II.F). See Section V.C Examples for Schedule C; Parts I and II. In Column 14; report; by country of counterparty; claims (regardless of whether cross-border or on local residents; or currency denomination) where cash collateral wa
FCEX,M872,COLLATERAL HELD AGAINST CLAIMS WITH NO RISK TRANSFER -OF WHICH SAME COUNTRY,Y,F,FFIEC009 (FCEX) - In Column 13 through 16 of Schedule C; Part II report claims included in Columns 1 through 10 of Schedule C; Part II for which the obligor provided collateral that did not meet the definition of collateral for the risk-transfers of claims (See Section II.F). See Section V.C Examples for Schedule C; Parts I and II. In Column 15; report collateral held where the country of the ultimate obligor (i.e.; the issuer of the collateral or holder of the cash) is the same as the country o
FCEX,M873,COLLATERAL HELD AGAINST CLAIMS WITH NO RISK TRANSFER - OF WHICH RESALE AGREEMENTS AND SECURITIES LENDING (COUNTERPARTY),Y,F,FFIEC009 (FCEX) In Column 13 through 16 of Schedule C; Part II report claims included in Columns 1 through 10 of Schedule C; Part II for which the obligor provided collateral that did not meet the definition of collateral for the risk-transfers of claims (See Section II.F). See Section V.C Examples for Schedule C; Parts I and II. In Column 16; report by country of the counterparty; claims reported in Columns 1 through 10 of Schedule C; Part II that arise from resale agreements; securities lendin
FCEX,M874,CROSS-BORDER CLAIMS AND CLAIMS ON LOCAL RESIDENTS: TRADING ASSETS - OFFSETTING POSITIONS FOR TRADING BOOK,Y,F,FFIEC009 (FCEX) - Trading Assets (Columns 17 and 18) In Column 17; report the fair value of the reporterÆs trading account assets that are included in Columns 1 through 10 of Schedule C; Part II. Exclude from this column derivative claims; as these should be reported on Schedule D. CUSIP netting is permissible if the position was reported net on Schedule C; Part II Columns 1 through 10. In Column 18; report short positions in securities that have the same issuer (on a legal entity basis) and bro
FCEX,M875,CROSS-BORDER AND FOREIGN-OFFICE COMMITMENTS AND GUARANTEES: GUARANTEES (EXCLUDING CREDIT DERIVATIVES SOLD),Y,F,FFIEC009 (FCEX) - Guarantees (Excluding Credit Derivatives Sold) (Column 2) In Column 2; report; on an ultimate-risk basis; all legally binding guarantees and insurance contracts (see Sections II.F.1 and II.F.2) issued by the reporters U.S. or foreign offices; excluding credit derivatives sold. Do not include guarantees which provide protection only between consolidated units of the reporter. Include the full amount of outstanding and unused financial and performance standby letters of credit in
FCEX,M876,CREDIT DERIVATIVES (BY REFERENCE ENTITY): GROSS-GROSS: TOTAL CREDIT DERIVATIVES PURCHASED,Y,F,FFIEC009 (FCEX) Report in Columns 3 through 6; by country of the underlying reference entity; the notional value of all outstanding credit derivatives sold and of those credit derivatives purchased that are not reported as a risk transfer in Schedule C; Parts 1 and II (see Section II.H.1). Credit protection purchased to hedge/offset credit protection sold; or for speculative purposes; should be excluded as a risk transfer from Schedule C; Parts I and II; and reported in Columns 3 and 5 of Schedu
FCEX,M877,CREDIT DERIVATIVES (BY REFERENCE ENTITY): GROSS-GROSS: TOTAL CREDIT DERIVATIVES SOLD,Y,F,FFIEC009 (FCEX) - Report in Columns 3 through 6; by country of the underlying reference entity; the notional value of all outstanding credit derivatives sold and of those credit derivatives purchased that are not reported as a risk transfer in Schedule C; Parts 1 and II (see Section II.H.1). Credit protection purchased to hedge/offset credit protection sold; or for speculative purposes; should be excluded as a risk transfer from Schedule C; Parts I and II; and reported in Columns 3 and 5 of Sche
FCEX,M878,CREDIT DERIVATIVES (BY REFERENCE ENTITY): GROSS-NET: TOTAL CREDIT DERIVATIVES PURCHASED,Y,F,FFIEC009 (FCEX) - Gross-Net Total Credit Derivatives Purchased (Column 5 ) Report in Columns 5 and 6; as appropriate; the consolidated net position of credit derivative contracts included in Column 3 and 4. Netting may be done only when all the following apply: 1) there are offsetting purchased and sold positions on the same reference entity (on a legal entity basis); 2) the contracts are with the same counterparty; 3) the contracts are subject to a legally enforceable master netting agreement. 
FCEX,M879,CREDIT DERIVATIVES (BY REFERENCE ENTITY): GROSS-NET: TOTAL CREDIT DERIVATIVES SOLD,Y,F,FFIEC009 (FCEX) - Gross-Net Total Credit Derivatives Sold (Column 6 ) Report in Columns 5 and 6; as appropriate; the consolidated net position of credit derivative contracts included in Column 3 and 4. Netting may be done only when all the following apply: 1) there are offsetting purchased and sold positions on the same reference entity (on a legal entity basis); 2) the contracts are with the same counterparty; 3) the contracts are subject to a legally enforceable master netting agreement. Contr
FCEX,M880,FAIR VALUE OF FOREIGN EXCHANGE AND DERIVATIVE PRODUCTS: NBFIS,Y,F,Report the positive fair value of derivative contracts by sector (see Section II.D) in Columns 1 through 4; and the total in Column 5. For Schedule D; sectors consist of Banks; Public; NBFIs and Other. Other consists of the residual claims which cannot be classified in the other three categories. If the reporter chooses; it may report separately foreign-office claims on local residents in Columns 7 and foreign-office liabilities to local residents in Column 8; and report only cross-border claims
FCEX,M956,CROSS BORDER CLAIMS AND CLAIMS ON LOCAL RESIDENTS: TRADING ASSETS,Y,F,FFIEC009 (FCEX) TRADING ASSETS (Columns 17 and 18) In Column 17; report the fair value of the reporter's trading account assets that are included in Columns 1 through 10 of Schedule C; Part II. Exclude from this column derivative claims; as these should be reported on Schedule D. 'CUSIP netting' is permissible if the position was reported net on Schedule C; Part II Columns 1 through 10. FFIEC009a (CEXA) For each country; distribute the amounts reported in Columns 1 and 2 that are claims classifi
FCEX,PG76,Collateral Held Against Claims With No Risk Transfer - Of Which; U.S.,Y,F,As of 12/31/2022; in Column 16; report claims held where the country of the ultimate obligor (i.e.; the issuer of the collateral; or for cash collateral; the legal entity where the cash is held; which is the legal entity with the liability for the cash collateral) is the U.S. Also include in this column claims where U.S.-issued collateral was provided as part of a resale or securities lending agreement. If multiple securities are provided as collateral; only include in Column 16 the amount attri
FCEX,PG77,Collateral Held Against Claims With No Risk Transfer - Of Which; Resale and Reverse Repurchase Agreements and Securities Lending (Collateral),Y,F,As of 12/31/2022; in Column 18; report by country of collateral; securities reported in column 16 of Schedule C; Part II; that arise from resale agreements; securities lending transactions; or similar financing agreements. These claims should be reported on a guarantor basis based on the underlying collateral; not the counterparty (see Section II.F.5). The sum total of column 17 should equal the sum total of column 18.
